{
  "ASCII Anti Aliased": true,
  "Ambiguous Double Width": false,
  "Ansi 0 Color": {
    "Alpha Component": 1,
    "Blue Component": 0,
    "Color Space": "sRGB",
    "Green Component": 0,
    "Red Component": 0
  },
  "Ansi 1 Color": {
    "Alpha Component": 1,
    "Blue Component": 0.2484452724456787,
    "Color Space": "sRGB",
    "Green Component": 0.27942824363708496,
    "Red Component": 0.8493490815162659
  },
  "Ansi 10 Color": {
    "Alpha Component": 1,
    "Blue Component": 0.6143017411231995,
    "Color Space": "sRGB",
    "Green Component": 0.8401779532432556,
    "Red Component": 0.10367120057344437
  },
  "Ansi 11 Color": {
    "Alpha Component": 1,
    "Blue Component": 0.327322781085968,
    "Color Space": "sRGB",
    "Green Component": 0.9561693072319031,
    "Red Component": 0.9683108925819397
  },
  "Ansi 12 Color": {
    "Alpha Component": 1,
    "Blue Component": 0.9351658225059509,
    "Color Space": "sRGB",
    "Green Component": 0.634106457233429,
    "Red Component": 0.2836567163467407
  },
  "Ansi 13 Color": {
    "Alpha Component": 1,
    "Blue Component": 0.8704208731651306,
    "Color Space": "sRGB",
    "Green Component": 0.540567934513092,
    "Red Component": 0.8770391345024109
  },
  "Ansi 14 Color": {
    "Alpha Component": 1,
    "Blue Component": 0.8870114088058472,
    "Color Space": "sRGB",
    "Green Component": 0.7688725590705872,
    "Red Component": 0.1696634292602539
  },
  "Ansi 15 Color": {
    "Alpha Component": 1,
    "Blue Component": 0.9182552695274353,
    "Color Space": "sRGB",
    "Green Component": 0.9182668328285217,
    "Red Component": 0.9182453155517578
  },
  "Ansi 2 Color": {
    "Alpha Component": 1,
    "Blue Component": 0.54816734790802,
    "Color Space": "sRGB",
    "Green Component": 0.7712916135787964,
    "Red Component": 0
  },
  "Ansi 3 Color": {
    "Alpha Component": 1,
    "Blue Component": 0.05325309932231903,
    "Color Space": "sRGB",
    "Green Component": 0.9050340056419373,
    "Red Component": 0.9177220463752747
  },
  "Ansi 4 Color": {
    "Alpha Component": 1,
    "Blue Component": 0.8252213597297668,
    "Color Space": "sRGB",
    "Green Component": 0.531335175037384,
    "Red Component": 0.17120525240898132
  },
  "Ansi 5 Color": {
    "Alpha Component": 1,
    "Blue Component": 0.7848312258720398,
    "Color Space": "sRGB",
    "Green Component": 0.36006325483322144,
    "Red Component": 0.792329728603363
  },
  "Ansi 6 Color": {
    "Alpha Component": 1,
    "Blue Component": 0.8415175080299377,
    "Color Space": "sRGB",
    "Green Component": 0.7148767113685608,
    "Red Component": 0
  },
  "Ansi 7 Color": {
    "Alpha Component": 1,
    "Blue Component": 0.9182552695274353,
    "Color Space": "sRGB",
    "Green Component": 0.9182668328285217,
    "Red Component": 0.9182453155517578
  },
  "Ansi 8 Color": {
    "Alpha Component": 1,
    "Blue Component": 0.4756404161453247,
    "Color Space": "sRGB",
    "Green Component": 0.4756467342376709,
    "Red Component": 0.47563493251800537
  },
  "Ansi 9 Color": {
    "Alpha Component": 1,
    "Blue Component": 0.368368923664093,
    "Color Space": "sRGB",
    "Green Component": 0.39370739459991455,
    "Red Component": 0.9655012488365173
  },
  "BM Growl": true,
  "Background Color": {
    "Alpha Component": 1,
    "Blue Component": 0.11764705926179886,
    "Color Space": "sRGB",
    "Green Component": 0.11764705926179886,
    "Red Component": 0.11764705926179886
  },
  "Background Image Location": "",
  "Badge Color": {
    "Alpha Component": 0.5,
    "Blue Component": 0,
    "Color Space": "sRGB",
    "Green Component": 0.1491314172744751,
    "Red Component": 1
  },
  "Blinking Cursor": false,
  "Blur": false,
  "Bold Color": {
    "Alpha Component": 1,
    "Blue Component": 0.33210575580596924,
    "Color Space": "sRGB",
    "Green Component": 0.34096720814704895,
    "Red Component": 0.362636923789978
  },
  "Character Encoding": 4,
  "Close Sessions On End": true,
  "Columns": 80,
  "Command": "",
  "Cursor Color": {
    "Alpha Component": 1,
    "Blue Component": 0.8374271392822266,
    "Color Space": "sRGB",
    "Green Component": 0.8374378085136414,
    "Red Component": 0.8374180197715759
  },
  "Cursor Guide Color": {
    "Alpha Component": 1,
    "Blue Component": 0.15692934393882751,
    "Color Space": "sRGB",
    "Green Component": 0.15693187713623047,
    "Red Component": 0.1569271683692932
  },
  "Cursor Text Color": {
    "Alpha Component": 1,
    "Blue Component": 0.12984395027160645,
    "Color Space": "sRGB",
    "Green Component": 0.12984612584114075,
    "Red Component": 0.12984204292297363
  },
  "Custom Command": "No",
  "Custom Directory": "No",
  "Default Bookmark": "No",
  "Description": "Default",
  "Disable Window Resizing": true,
  "Draw Powerline Glyphs": true,
  "Flashing Bell": false,
  "Foreground Color": {
    "Alpha Component": 1,
    "Blue Component": 0.800000011920929,
    "Color Space": "sRGB",
    "Green Component": 0.800000011920929,
    "Red Component": 0.800000011920929
  },
  "Guid": "F5F965BE-C1B8-4E68-83D9-52B9800F0C8C",
  "Horizontal Spacing": 1,
  "Idle Code": 0,
  "Jobs to Ignore": [
    "rlogin",
    "ssh",
    "slogin",
    "telnet"
  ],
  "Keyboard Map": {
    "0x2d-0x40000": {
      "Action": 11,
      "Text": "0x1f"
    },
    "0x32-0x40000": {
      "Action": 11,
      "Text": "0x00"
    },
    "0x33-0x40000": {
      "Action": 11,
      "Text": "0x1b"
    },
    "0x34-0x40000": {
      "Action": 11,
      "Text": "0x1c"
    },
    "0x35-0x40000": {
      "Action": 11,
      "Text": "0x1d"
    },
    "0x36-0x40000": {
      "Action": 11,
      "Text": "0x1e"
    },
    "0x37-0x40000": {
      "Action": 11,
      "Text": "0x1f"
    },
    "0x38-0x40000": {
      "Action": 11,
      "Text": "0x7f"
    },
    "0xf700-0x220000": {
      "Action": 10,
      "Text": "[1;2A"
    },
    "0xf700-0x240000": {
      "Action": 10,
      "Text": "[1;5A"
    },
    "0xf700-0x260000": {
      "Action": 10,
      "Text": "[1;6A"
    },
    "0xf700-0x280000": {
      "Action": 11,
      "Text": "0x1b 0x1b 0x5b 0x41"
    },
    "0xf701-0x220000": {
      "Action": 10,
      "Text": "[1;2B"
    },
    "0xf701-0x240000": {
      "Action": 10,
      "Text": "[1;5B"
    },
    "0xf701-0x260000": {
      "Action": 10,
      "Text": "[1;6B"
    },
    "0xf701-0x280000": {
      "Action": 11,
      "Text": "0x1b 0x1b 0x5b 0x42"
    },
    "0xf702-0x220000": {
      "Action": 10,
      "Text": "[1;2D"
    },
    "0xf702-0x240000": {
      "Action": 10,
      "Text": "[1;5D"
    },
    "0xf702-0x260000": {
      "Action": 10,
      "Text": "[1;6D"
    },
    "0xf702-0x280000": {
      "Action": 11,
      "Text": "0x1b 0x1b 0x5b 0x44"
    },
    "0xf703-0x220000": {
      "Action": 10,
      "Text": "[1;2C"
    },
    "0xf703-0x240000": {
      "Action": 10,
      "Text": "[1;5C"
    },
    "0xf703-0x260000": {
      "Action": 10,
      "Text": "[1;6C"
    },
    "0xf703-0x280000": {
      "Action": 11,
      "Text": "0x1b 0x1b 0x5b 0x43"
    },
    "0xf704-0x20000": {
      "Action": 10,
      "Text": "[1;2P"
    },
    "0xf705-0x20000": {
      "Action": 10,
      "Text": "[1;2Q"
    },
    "0xf706-0x20000": {
      "Action": 10,
      "Text": "[1;2R"
    },
    "0xf707-0x20000": {
      "Action": 10,
      "Text": "[1;2S"
    },
    "0xf708-0x20000": {
      "Action": 10,
      "Text": "[15;2~"
    },
    "0xf709-0x20000": {
      "Action": 10,
      "Text": "[17;2~"
    },
    "0xf70a-0x20000": {
      "Action": 10,
      "Text": "[18;2~"
    },
    "0xf70b-0x20000": {
      "Action": 10,
      "Text": "[19;2~"
    },
    "0xf70c-0x20000": {
      "Action": 10,
      "Text": "[20;2~"
    },
    "0xf70d-0x20000": {
      "Action": 10,
      "Text": "[21;2~"
    },
    "0xf70e-0x20000": {
      "Action": 10,
      "Text": "[23;2~"
    },
    "0xf70f-0x20000": {
      "Action": 10,
      "Text": "[24;2~"
    },
    "0xf729-0x20000": {
      "Action": 10,
      "Text": "[1;2H"
    },